"","x"
"1","Anal Canal/surgery"
"2","Body Image"
"3","Colon, Sigmoid/surgery"
"4","Colposcopy/adverse effects"
"5","Colposcopy/methods"
"6","Constipation/surgery"
"7","Cystocele/complications"
"8","Cystocele/diagnosis"
"9","Cystocele/surgery"
"10","Delivery, Obstetric/adverse effects"
"11","Device Removal"
"12","Digestive System Surgical Procedures/adverse effects"
"13","Digestive System Surgical Procedures/methods"
"14","Exercise Therapy/methods"
"15","Fecal Incontinence/diagnosis"
"16","Fecal Incontinence/epidemiology"
"17","Fecal Incontinence/surgery"
"18","Fecal Incontinence/therapy"
"19","Female Urogenital Diseases/diagnosis"
"20","Gynecologic Surgical Procedures/adverse effects"
"21","Gynecologic Surgical Procedures/instrumentation"
"22","Gynecologic Surgical Procedures/methods"
"23","Gynecology"
"24","Hemorrhoids/surgery"
"25","Hysterectomy, Vaginal/methods"
"26","Hysterectomy/adverse effects"
"27","Hysterectomy/methods"
"28","Imaging, Three-Dimensional"
"29","Intestinal Obstruction/surgery"
"30","Intraoperative Complications/epidemiology"
"31","Intussusception/surgery"
"32","Laparoscopy"
"33","Laparoscopy/adverse effects"
"34","Laparoscopy/economics"
"35","Laparoscopy/methods"
"36","Ligaments/metabolism"
"37","Ligaments/surgery"
"38","Magnetic Resonance Imaging/methods"
"39","Muscle Contraction/physiology"
"40","Parity"
"41","Patient Satisfaction"
"42","Pelvic Floor Disorders/epidemiology"
"43","Pelvic Floor/diagnostic imaging"
"44","Pelvic Floor/injuries"
"45","Pelvic Floor/pathology"
"46","Pelvic Floor/physiopathology"
"47","Pelvic Floor/surgery"
"48","Pelvic Organ Prolapse/complications"
"49","Pelvic Organ Prolapse/diagnosis"
"50","Pelvic Organ Prolapse/epidemiology"
"51","Pelvic Organ Prolapse/etiology"
"52","Pelvic Organ Prolapse/genetics"
"53","Pelvic Organ Prolapse/metabolism"
"54","Pelvic Organ Prolapse/pathology"
"55","Pelvic Organ Prolapse/physiopathology"
"56","Pelvic Organ Prolapse/psychology"
"57","Pelvic Organ Prolapse/surgery"
"58","Pelvic Organ Prolapse/therapy"
"59","Perineum/surgery"
"60","Pessaries"
"61","Pessaries/adverse effects"
"62","Polypropylenes"
"63","Postoperative Complications/epidemiology"
"64","Postoperative Complications/etiology"
"65","Quality of Life"
"66","Reconstructive Surgical Procedures/methods"
"67","Rectal Prolapse/surgery"
"68","Rectocele/surgery"
"69","Robotics"
"70","Sacrum/surgery"
"71","Sexual Dysfunction, Physiological/diagnosis"
"72","Suburethral Slings"
"73","Suburethral Slings/adverse effects"
"74","Surgical Mesh"
"75","Surgical Mesh/adverse effects"
"76","Surveys and Questionnaires"
"77","Urinary Bladder, Overactive/etiology"
"78","Urinary Incontinence, Stress/epidemiology"
"79","Urinary Incontinence, Stress/physiopathology"
"80","Urinary Incontinence, Stress/surgery"
"81","Urinary Incontinence/complications"
"82","Urinary Incontinence/diagnosis"
"83","Urinary Incontinence/epidemiology"
"84","Urinary Incontinence/physiopathology"
"85","Urinary Incontinence/psychology"
"86","Urinary Incontinence/surgery"
"87","Uterine Prolapse/metabolism"
"88","Uterine Prolapse/pathology"
"89","Uterine Prolapse/physiopathology"
"90","Uterine Prolapse/surgery"
"91","Rectum/surgery"
"92","Robotic Surgical Procedures/rehabilitation"
"93","Urinary Incontinence, Stress/complications"
"94","Rectal Prolapse/etiology"
"95","Urologic Surgical Procedures/methods"
"96","Vagina/surgery"
"97","Rectal Diseases/surgery"
"98","Pelvic Organ Prolapse/prevention & control"
"99","Uterine Prolapse/epidemiology"
"100","Urinary Incontinence/therapy"
"101","Urinary Incontinence, Stress/etiology"
"102","Urology"
"103","Surgical Stapling"
"104","Surgical Stapling/methods"
"105","Robotics/economics"
"106","Sacrum/metabolism"
"107","Uterus/metabolism"
"108","Uterine Prolapse/diagnosis"
"109","Pelvic Organ Prolapse/diagnostic imaging"
"110","Sexual Dysfunction, Physiological/etiology"
"111","Severity of Illness Index"
"112","Polymorphism, Single Nucleotide"
"113","Vagina/metabolism"
"114","Ureteral Diseases/surgery"
"115","Vagina/pathology"
"116","Urodynamics"
"117","Vagina/physiopathology"
"118","Surveys and Questionnaires/standards"
"119","Pessaries/statistics & numerical data"
"120","Urinary Incontinence, Stress/therapy"
"121","Uterine Prolapse/therapy"
"122","Urologic Surgical Procedures/adverse effects"
"123","Uterine Prolapse/complications"
"124","Uterine Prolapse/psychology"
